Designator,Val,Package,MidX,MidY,Rotation,Layer
C1,1uF,C_0402_1005Metric,191.81,-92.17,90,top
C2,0.1uF,C_0402_1005Metric,189.3,-105.31,-90,top
C3,0.1uF,C_0402_1005Metric,194.22,-96.25,0,top
C4,0.1uF,C_0402_1005Metric,193.57,-94.49,90,top
C5,0.1uF,C_0402_1005Metric,183.67,-101.47,-135,top
C6,0.1uF,C_0402_1005Metric,187.18,-89.93,180,top
C7,0.1uF,C_0402_1005Metric,194.56,-94.81,90,top
C8,0.1uF,C_0402_1005Metric,192.84,-92.17,90,top
C9,0.1uF,C_0402_1005Metric,184.88,-85.36,90,top
C10,1uF,C_0402_1005Metric,190.31,-105.3,-90,top
C11,0.1uF,C_0402_1005Metric,192.58,-94.23,90,top
C12,0.1uF,C_0402_1005Metric,189.51,-93.81,90,top
C13,10uF,C_0603_1608Metric,186.17,-79.73,180,top
C14,10uF,C_0603_1608Metric,187.06,-85.32,180,top
C15,33pF,C_0402_1005Metric,186.06,-108.09,-90,top
C16,33pF,C_0402_1005Metric,191.32,-108.86,90,top
C17,0.1uF,C_0402_1005Metric,184.73,-96.22,180,top
D1,NeoPixel_THT,LED_WS2812B-2020_PLCC4_2.0x2.0mm,194.81,-117.9,180,top
J1,USB_C_Receptacle_USB2.0_14P,USB_C_Receptacle_HRO_TYPE-C-31-M-12,189.48,-73.67,180,top
J2,Conn_01x20,PinHeader_1x20_P2.54mm_Vertical,180.59,-73.1,0,top
J3,Conn_01x20,PinHeader_1x20_P2.54mm_Vertical,198.37,-73.1,0,top
J4,Conn_01x03,PinHeader_1x03_P2.54mm_Vertical,187.28,-121.02,90,top
R1,5.1K,R_0402_1005Metric,190.82,-79.92,-90,top
R2,5.1K,R_0402_1005Metric,188.21,-79.93,-90,top
R3,27,R_0402_1005Metric,190.56,-94.079999,-90,top
R4,27,R_0402_1005Metric,191.59,-94.089999,-90,top
R5,1K,R_0402_1005Metric,188.3,-105.35,90,top
R6,10K,R_0402_1005Metric,185.23,-89.94,180,top
R7,1K,R_0402_1005Metric,189.16,-117.32,90,top
SW1,SW_Push,SW_SPST_TS-1088-xR020,185.48,-117.24,0,top
U1,RP2040,QFN-56-1EP_7x7mm_P0.4mm_EP3.2x3.2mm,189.48,-99.73,0,top
U3,W25Q128JVS,Winbond_USON-8-1EP_3x2mm_P0.5mm_EP0.2x1.6mm,186.29,-91.97,0,top
U4,MCP1700x-330xxTT,SOT-23,187.04,-82.59,90,top
Y1,12MHz,Crystal_SMD_3225-4Pin_3.2x2.5mm,188.69,-108.03,180,top